week_ending,UK_total,England,Northern_Ireland,Scotland,Wales,East_of_England,East_Midlands,London,North_East,North_West,South_East,South_West,West_Midlands,Yorkshire_and_The_Humber,year,month,week_number,quarter,season,is_holiday_week,UK_total_above_baseline,UK_total_rolling_4w,UK_total_rolling_12w,UK_total_yoy,England_above_baseline,England_vs_uk,England_rolling_4w,England_rolling_12w,England_yoy,Northern_Ireland_above_baseline,Northern_Ireland_vs_uk,Northern_Ireland_rolling_4w,Northern_Ireland_rolling_12w,Northern_Ireland_yoy,Scotland_above_baseline,Scotland_vs_uk,Scotland_rolling_4w,Scotland_rolling_12w,Scotland_yoy,Wales_above_baseline,Wales_vs_uk,Wales_rolling_4w,Wales_rolling_12w,Wales_yoy,East_of_England_above_baseline,East_of_England_vs_uk,East_of_England_rolling_4w,East_of_England_rolling_12w,East_of_England_yoy,East_Midlands_above_baseline,East_Midlands_vs_uk,East_Midlands_rolling_4w,East_Midlands_rolling_12w,East_Midlands_yoy,London_above_baseline,London_vs_uk,London_rolling_4w,London_rolling_12w,London_yoy,North_East_above_baseline,North_East_vs_uk,North_East_rolling_4w,North_East_rolling_12w,North_East_yoy,North_West_above_baseline,North_West_vs_uk,North_West_rolling_4w,North_West_rolling_12w,North_West_yoy,South_East_above_baseline,South_East_vs_uk,South_East_rolling_4w,South_East_rolling_12w,South_East_yoy,South_West_above_baseline,South_West_vs_uk,South_West_rolling_4w,South_West_rolling_12w,South_West_yoy,West_Midlands_above_baseline,West_Midlands_vs_uk,West_Midlands_rolling_4w,West_Midlands_rolling_12w,West_Midlands_yoy,Yorkshire_and_The_Humber_above_baseline,Yorkshire_and_The_Humber_vs_uk,Yorkshire_and_The_Humber_rolling_4w,Yorkshire_and_The_Humber_rolling_12w,Yorkshire_and_The_Humber_yoy
2024-07-07,111.8,115.1,116.7,116.3,110.8,113.9,110.4,120.7,110.5,114.0,113.4,116.1,113.5,110.0,2024,7,27,3,Summer,False,True,111.8,111.8,,True,3.3,115.1,115.1,,True,4.9,116.7,116.7,,True,4.5,116.3,116.3,,True,-1.0,110.8,110.8,,True,2.1,113.9,113.9,,True,-1.4,110.4,110.4,,True,8.9,120.7,120.7,,True,-1.3,110.5,110.5,,True,2.2,114.0,114.0,,True,1.6,113.4,113.4,,True,4.3,116.1,116.1,,True,1.7,113.5,113.5,,True,-1.8,110.0,110.0,
2024-07-14,112.8,113.8,118.1,118.8,114.1,116.3,114.7,119.7,111.5,114.7,116.9,117.4,113.0,113.4,2024,7,28,3,Summer,False,True,112.3,112.3,,True,1.0,114.45,114.45,,True,5.3,117.4,117.4,,True,6.0,117.55,117.55,,True,1.3,112.45,112.45,,True,3.5,115.1,115.1,,True,1.9,112.55,112.55,,True,6.9,120.2,120.2,,True,-1.3,111.0,111.0,,True,1.9,114.35,114.35,,True,4.1,115.15,115.15,,True,4.6,116.75,116.75,,True,0.2,113.25,113.25,,True,0.6,111.7,111.7,
2024-07-21,116.1,115.0,122.2,119.9,114.6,120.6,117.9,124.0,113.6,115.4,119.5,117.8,114.5,115.3,2024,7,29,3,Summer,False,True,113.57,113.57,,True,-1.1,114.63,114.63,,True,6.1,119.0,119.0,,True,3.8,118.33,118.33,,True,-1.5,113.17,113.17,,True,4.5,116.93,116.93,,True,1.8,114.33,114.33,,True,7.9,121.47,121.47,,True,-2.5,111.87,111.87,,True,-0.7,114.7,114.7,,True,3.4,116.6,116.6,,True,1.7,117.1,117.1,,True,-1.6,113.67,113.67,,True,-0.8,112.9,112.9,
2024-07-28,115.3,119.8,123.0,123.8,117.2,120.2,117.7,122.9,117.8,119.6,121.9,121.1,117.9,118.6,2024,7,30,3,Summer,False,True,114.0,114.0,,True,4.5,115.92,115.92,,True,7.7,120.0,120.0,,True,8.5,119.7,119.7,,True,1.9,114.18,114.18,,True,4.9,117.75,117.75,,True,2.4,115.18,115.18,,True,7.6,121.82,121.82,,True,2.5,113.35,113.35,,True,4.3,115.92,115.92,,True,6.6,117.93,117.93,,True,5.8,118.1,118.1,,True,2.6,114.72,114.72,,True,3.3,114.32,114.32,
2024-08-04,116.4,117.8,123.7,123.8,118.6,120.1,119.8,124.4,116.1,119.7,119.6,121.7,116.8,119.9,2024,8,31,3,Summer,False,True,115.15,114.48,,True,1.4,116.6,116.3,,True,7.3,121.75,120.74,,True,7.4,121.57,120.52,,True,2.2,116.12,115.06,,True,3.7,119.3,118.22,,True,3.4,117.52,116.1,,True,8.0,122.75,122.34,,True,-0.3,114.75,113.9,,True,3.3,117.35,116.68,,True,3.2,119.48,118.26,,True,5.3,119.5,118.82,,True,0.4,115.55,115.14,,True,3.5,116.8,115.44,
2024-08-11,119.4,118.1,124.0,126.2,120.2,122.2,119.9,123.6,116.8,118.3,122.8,121.3,118.2,116.6,2024,8,32,3,Summer,False,True,116.8,115.3,,True,-1.3,117.68,116.6,,True,4.6,123.22,121.28,,True,6.8,123.43,121.47,,True,0.8,117.65,115.92,,True,2.8,120.78,118.88,,True,0.5,118.82,116.73,,True,4.2,123.72,122.55,,True,-2.6,116.07,114.38,,True,-1.1,118.25,116.95,,True,3.4,120.95,119.02,,True,1.9,120.48,119.23,,True,-1.2,116.85,115.65,,True,-2.8,117.6,115.63,
2024-08-18,117.2,118.3,126.4,125.0,120.5,120.9,117.0,125.9,118.0,119.7,122.1,120.5,118.6,117.7,2024,8,33,3,Summer,False,True,117.08,115.57,,True,1.1,118.5,116.84,,True,9.2,124.28,122.01,,True,7.8,124.7,121.97,,True,3.3,119.12,116.57,,True,3.7,120.85,119.17,,True,-0.2,118.6,116.77,,True,8.7,124.2,123.03,,True,0.8,117.17,114.9,,True,2.5,119.32,117.34,,True,4.9,121.6,119.46,,True,3.3,121.15,119.41,,True,1.4,117.88,116.07,,True,0.5,118.2,115.93,
2024-08-25,115.2,116.6,122.1,123.7,117.2,120.2,119.2,123.1,115.6,119.6,119.0,117.8,116.7,115.6,2024,8,34,3,Summer,False,True,117.05,115.52,,True,1.4,117.7,116.81,,True,6.9,124.05,122.02,,True,8.5,124.68,122.19,,True,2.0,119.12,116.65,,True,5.0,120.85,119.3,,True,4.0,118.98,117.08,,True,7.9,124.25,123.04,,True,0.4,116.62,114.99,,True,4.4,119.32,117.62,,True,3.8,120.88,119.4,,True,2.6,120.32,119.21,,True,1.5,117.58,116.15,,True,0.4,117.45,115.89,
2024-09-01,117.5,118.0,122.3,122.7,117.6,117.5,117.6,122.9,115.6,118.6,118.1,116.5,115.0,115.0,2024,9,35,3,Autumn,False,True,117.32,115.74,,True,0.5,117.75,116.94,,True,4.8,123.7,122.06,,True,5.2,124.4,122.24,,True,0.1,118.88,116.76,,True,0.0,120.2,119.1,,True,0.1,118.43,117.13,,True,5.4,123.88,123.02,,True,-1.9,116.5,115.06,,True,1.1,119.05,117.73,,True,0.6,120.5,119.26,,True,-1.0,119.02,118.91,,True,-2.5,117.12,116.02,,True,-2.5,116.22,115.79,
2024-09-08,115.4,116.6,116.9,118.7,114.0,116.0,112.7,120.5,114.1,114.5,117.2,117.0,113.7,115.2,2024,9,36,3,Autumn,False,True,116.32,115.71,,True,1.2,117.38,116.91,,True,1.5,121.93,121.54,,True,3.3,122.52,121.89,,True,-1.4,117.32,116.48,,True,0.6,118.65,118.79,,True,-2.7,116.62,116.69,,True,5.1,123.1,122.77,,True,-1.3,115.82,114.96,,True,-0.9,118.1,117.41,,True,1.8,119.1,119.05,,True,1.6,117.95,118.72,,True,-1.7,116.0,115.79,,True,-0.2,115.88,115.73,
2024-09-15,114.1,112.3,115.8,115.1,111.3,113.4,112.6,119.3,108.3,112.3,116.9,113.2,110.8,111.1,2024,9,37,3,Autumn,False,True,115.55,115.56,,True,-1.8,115.88,116.49,,True,1.7,119.28,121.02,,True,1.0,120.05,121.27,,True,-2.8,115.02,116.01,,True,-0.7,116.78,118.3,,True,-1.5,115.52,116.32,,True,5.2,121.45,122.45,,True,-5.8,113.4,114.35,,True,-1.8,116.25,116.95,,True,2.8,117.8,118.85,,True,-0.9,116.12,118.22,,True,-3.3,114.05,115.34,,True,-3.0,114.22,115.31,
2024-09-22,112.4,110.4,113.3,114.2,108.9,114.4,109.7,118.0,108.5,111.3,111.8,113.5,109.5,107.7,2024,9,38,3,Autumn,False,True,114.85,115.3,,True,-2.0,114.32,115.98,,True,0.9,117.08,120.38,,True,1.8,117.68,120.68,,True,-3.5,112.95,115.42,,True,2.0,115.32,117.98,,True,-2.7,113.15,115.77,,True,5.6,120.18,122.08,,True,-3.9,111.62,113.87,,True,-1.1,114.18,116.48,,True,-0.6,116.0,118.27,,True,1.1,115.05,117.82,,True,-2.9,112.25,114.85,,True,-4.7,112.25,114.68,
2024-09-29,106.9,110.1,110.5,108.7,107.9,110.6,108.9,114.4,106.7,108.9,113.5,108.9,107.7,105.3,2024,9,39,3,Autumn,False,True,112.2,114.89,,True,3.2,112.35,115.57,,True,3.6,114.12,119.86,,True,1.8,114.18,120.05,,True,1.0,110.52,115.18,,True,3.7,113.6,117.7,,True,2.0,110.98,115.64,,True,7.5,118.05,121.56,,True,-0.2,109.4,113.55,,True,2.0,111.75,116.05,,True,6.6,114.85,118.28,,True,2.0,113.15,117.22,,True,0.8,110.43,114.37,,True,-1.6,109.82,114.28,
2024-10-06,109.0,109.8,106.3,109.0,107.4,110.5,106.8,113.2,102.5,109.3,111.9,109.2,106.0,104.5,2024,10,40,4,Autumn,False,True,110.6,114.58,,True,0.8,110.65,115.23,,True,-2.7,111.48,118.88,,True,0.0,111.75,119.23,,True,-1.6,108.88,114.62,,True,1.5,112.22,117.22,,True,-2.2,109.5,114.98,,True,4.2,116.22,121.02,,True,-6.5,106.5,112.8,,True,0.3,110.45,115.6,,True,2.9,113.52,117.86,,True,0.2,111.2,116.54,,True,-3.0,108.5,113.78,,True,-4.5,107.15,113.54,
2024-10-13,106.9,108.6,106.7,107.7,105.2,107.4,104.0,114.6,103.1,104.4,107.4,108.0,103.4,102.3,2024,10,41,4,Autumn,False,True,108.8,113.81,,True,1.7,109.72,114.7,,True,-0.2,109.2,117.58,,True,0.8,109.9,118.22,,True,-1.7,107.35,113.83,,True,0.5,110.72,116.12,,True,-2.9,107.35,113.82,,True,7.7,115.05,120.23,,True,-3.8,105.2,111.93,,True,-2.5,108.48,114.68,,True,0.5,111.15,116.85,,True,1.1,109.9,115.72,,True,-3.5,106.65,112.86,,True,-4.6,104.95,112.46,
2024-10-20,105.3,106.9,104.2,104.1,104.4,107.1,103.6,113.1,102.1,106.7,108.8,106.6,102.7,102.0,2024,10,42,4,Autumn,False,True,107.02,112.98,,True,1.6,108.85,113.62,,True,-1.1,106.92,116.02,,True,-1.2,107.38,116.58,,True,-0.9,106.22,112.77,,True,1.8,108.9,115.02,,True,-1.7,105.82,112.65,,True,7.8,113.82,119.42,,True,-3.2,103.6,110.62,,True,1.4,107.32,113.61,,True,3.5,110.4,115.76,,True,1.3,108.18,114.52,,True,-2.6,104.95,111.59,,True,-3.3,103.52,111.08,
2024-10-27,103.6,104.5,104.5,103.9,104.4,108.1,104.9,111.6,101.2,104.7,106.3,106.6,102.8,100.0,2024,10,43,4,Autumn,False,True,106.2,111.91,,True,0.9,107.45,112.52,,True,0.9,105.42,114.42,,True,0.3,106.18,114.92,,True,0.8,105.35,111.58,,True,4.5,108.28,114.03,,True,1.3,104.82,111.41,,True,8.0,113.12,118.35,,True,-2.4,102.22,109.38,,True,1.1,106.28,112.36,,True,2.7,108.6,114.65,,True,3.0,107.6,113.26,,True,-0.8,103.72,110.42,,False,-3.6,102.2,109.42,
2024-11-03,105.1,104.2,104.3,106.1,104.5,107.0,101.7,113.2,100.5,106.5,109.4,107.1,102.8,101.3,2024,11,44,4,Autumn,False,True,105.22,110.72,,True,-0.9,106.05,111.36,,True,-0.8,104.92,112.78,,True,1.0,105.45,113.24,,True,-0.6,104.62,110.28,,True,1.9,107.4,112.76,,True,-3.4,103.55,109.89,,True,8.1,113.12,117.48,,True,-4.6,101.72,108.02,,True,1.4,105.58,111.38,,True,4.3,107.98,113.53,,True,2.0,107.07,112.07,,True,-2.3,102.92,109.14,,True,-3.8,101.4,108.14,
2024-11-10,106.7,105.6,102.6,105.7,105.5,109.1,104.8,110.7,102.3,107.5,106.9,106.6,106.1,103.8,2024,11,45,4,Autumn,False,True,105.18,109.84,,True,-1.1,105.3,110.3,,True,-4.1,103.9,110.79,,True,-1.0,104.95,111.63,,True,-1.2,104.7,109.02,,True,2.4,107.82,111.78,,True,-1.9,103.75,108.88,,True,4.0,112.15,116.22,,True,-4.4,101.52,106.71,,True,0.8,106.35,110.36,,True,0.2,107.85,112.27,,True,-0.1,106.72,110.92,,True,-0.6,103.6,108.1,,True,-2.9,101.78,106.98,
2024-11-17,108.5,109.5,107.4,108.2,107.8,111.9,108.6,116.3,104.7,108.1,111.9,109.7,108.0,106.8,2024,11,46,4,Autumn,False,True,105.98,109.28,,True,1.0,105.95,109.71,,True,-1.1,104.7,109.57,,True,-0.3,105.98,110.34,,True,-0.7,105.55,108.24,,True,3.4,109.02,111.08,,True,0.1,105.0,107.99,,True,7.8,112.95,115.65,,True,-3.8,102.18,105.8,,True,-0.4,106.7,109.4,,True,3.4,108.62,111.68,,True,1.2,107.5,110.24,,True,-0.5,104.92,107.38,,True,-1.7,102.98,106.25,
2024-11-24,113.7,112.5,115.1,114.1,112.3,113.3,111.9,119.3,109.1,113.4,113.3,112.2,113.4,110.4,2024,11,47,4,Autumn,False,True,108.5,108.97,,True,-1.2,107.95,109.25,,True,1.4,107.35,108.97,,True,0.4,108.52,109.62,,True,-1.4,107.52,107.8,,True,-0.4,110.32,110.73,,True,-1.8,106.75,107.52,,True,5.6,114.88,115.35,,True,-4.6,104.15,105.26,,True,-0.3,108.88,108.97,,True,-0.4,110.38,111.28,,True,-1.5,108.9,109.88,,True,-0.3,107.58,107.24,,True,-3.3,105.58,105.87,
2024-12-01,117.3,119.9,128.0,124.6,120.5,120.2,117.6,125.9,118.1,120.9,122.7,123.3,119.5,118.3,2024,12,48,4,Winter,False,True,111.55,109.12,,True,2.6,111.88,109.52,,True,10.7,113.28,109.89,,True,7.3,113.15,110.12,,True,3.2,111.52,108.34,,True,2.9,113.62,111.08,,True,0.3,110.72,107.92,,True,8.6,118.05,115.8,,True,0.8,108.55,105.59,,True,3.6,112.48,109.5,,True,5.4,113.7,111.73,,True,6.0,112.95,110.41,,True,2.2,111.75,107.72,,True,1.0,109.82,106.12,
2024-12-08,127.7,126.6,139.7,135.6,127.3,131.4,129.2,134.3,126.8,127.5,128.1,128.9,128.0,129.1,2024,12,49,4,Winter,True,True,116.8,110.26,,True,-1.1,117.12,110.72,,True,12.0,122.55,111.88,,True,7.9,120.62,111.82,,True,-0.4,116.98,109.68,,True,3.7,119.2,112.58,,True,1.5,116.82,109.31,,True,6.6,123.95,117.05,,True,-0.9,114.68,107.13,,True,-0.2,117.48,110.77,,True,0.4,119.0,112.67,,True,1.2,118.52,111.72,,True,0.3,117.22,109.16,,True,1.4,116.15,107.62,
2024-12-15,133.5,133.0,152.5,147.7,137.0,136.3,134.5,138.8,134.2,136.9,133.9,135.3,133.0,134.0,2024,12,50,4,Winter,True,True,123.05,112.02,,True,-0.5,123.0,112.6,,True,19.0,133.82,115.15,,True,14.2,130.5,114.62,,True,3.5,124.28,112.02,,True,2.8,125.3,114.41,,True,1.0,123.3,111.38,,True,5.3,129.57,118.78,,True,0.7,122.05,109.28,,True,3.4,124.68,112.9,,True,0.4,124.5,114.51,,True,1.8,124.93,113.53,,True,-0.5,123.48,111.12,,True,0.5,122.95,109.82,
2024-12-22,136.7,137.1,154.8,148.9,139.7,138.2,136.2,142.0,137.4,139.0,138.9,137.7,137.0,139.3,2024,12,51,4,Winter,True,True,128.8,114.5,,True,0.4,129.15,114.85,,True,18.1,143.75,118.84,,True,12.2,139.2,117.97,,True,3.0,131.12,114.67,,True,1.5,131.52,116.71,,True,-0.5,129.38,113.65,,True,5.3,135.25,121.08,,True,0.7,129.12,111.83,,True,2.3,131.07,115.41,,True,2.2,130.9,116.62,,True,1.0,131.3,115.93,,True,0.3,129.38,113.56,,True,2.6,130.18,112.65,
2024-12-29,132.8,135.2,151.3,145.4,135.1,136.4,132.9,140.2,136.5,136.1,135.4,137.4,134.6,136.0,2024,12,52,4,Winter,True,True,132.68,116.48,,True,2.4,132.98,116.97,,True,18.5,149.57,122.59,,True,12.6,144.4,121.0,,True,2.3,134.77,116.98,,True,3.6,135.57,118.87,,True,0.1,133.2,115.82,,True,7.4,138.82,123.33,,True,3.7,133.72,114.67,,True,3.3,134.88,117.64,,True,2.6,134.08,118.58,,True,4.6,134.83,118.28,,True,1.8,133.15,115.94,,True,3.2,134.6,115.28,
2025-01-05,92.5,91.3,81.0,85.2,85.1,92.0,86.9,95.8,82.7,90.2,92.0,89.8,89.9,83.4,2025,1,1,1,Winter,True,False,123.88,115.28,,False,-1.2,124.15,115.52,,False,-11.5,134.9,120.45,,False,-7.3,131.8,119.12,,False,-7.4,124.22,115.3,,False,-0.5,125.72,117.58,,False,-5.6,122.62,114.4,,False,3.3,129.2,121.77,,False,-9.8,122.7,112.97,,False,-2.3,125.55,116.46,,False,-0.5,125.05,117.3,,False,-2.7,125.05,116.77,,False,-2.6,123.62,114.82,,False,-9.1,123.18,113.7,
2025-01-12,90.7,89.5,75.4,82.4,85.2,93.9,88.0,97.6,81.8,86.7,93.4,90.3,89.0,83.3,2025,1,2,1,Winter,False,False,113.18,114.07,,False,-1.2,113.28,114.07,,False,-15.3,115.63,118.05,,False,-8.3,115.48,117.32,,False,-5.5,111.28,113.7,,False,3.2,115.12,116.48,,False,-2.7,111.0,113.1,,False,6.9,118.9,120.48,,False,-8.9,109.6,111.28,,False,-4.0,113.0,114.79,,False,2.7,114.93,116.02,,False,-0.4,113.8,115.41,,False,-1.7,112.62,113.68,,False,-7.4,110.5,112.14,
2025-01-19,90.2,92.8,78.5,85.3,87.7,93.5,89.5,98.8,82.7,91.1,93.8,91.8,87.8,86.9,2025,1,3,1,Winter,False,False,101.55,112.95,,False,2.6,102.2,113.1,,False,-11.7,96.55,115.88,,False,-4.9,99.57,115.77,,False,-2.5,98.28,112.31,,False,3.3,103.95,115.27,,False,-0.7,99.32,111.82,,False,8.6,108.1,119.41,,False,-7.5,95.93,109.73,,False,0.9,101.02,113.66,,False,3.6,103.65,114.98,,False,1.6,102.32,114.18,,False,-2.4,100.32,112.43,,False,-3.3,97.4,111.05,
2025-01-26,93.6,93.0,86.3,86.9,89.5,98.8,93.9,101.3,88.7,92.9,96.2,93.4,92.8,90.2,2025,1,4,1,Winter,False,False,91.75,111.99,,False,-0.6,91.65,112.17,,False,-7.3,80.3,114.38,,False,-6.7,84.95,114.17,,False,-4.1,86.88,111.06,,False,5.2,94.55,114.58,,False,0.3,89.57,111.17,,True,7.7,98.38,118.42,,False,-4.9,83.98,108.75,,False,-0.7,90.22,112.52,,False,2.6,93.85,113.88,,False,-0.2,91.32,113.03,,False,-0.8,89.88,111.59,,False,-3.4,85.95,110.12,
2025-02-02,98.8,99.8,89.2,93.9,92.8,100.8,95.9,106.2,92.0,95.6,99.2,99.1,96.6,92.0,2025,2,5,1,Winter,False,False,93.32,111.33,,False,1.0,93.78,111.68,,False,-9.6,82.35,113.27,,False,-4.9,87.12,113.18,,False,-6.0,88.8,110.0,,True,2.0,96.75,113.89,,False,-2.9,91.82,110.42,,True,7.4,100.98,118.04,,False,-6.8,86.3,107.89,,False,-3.2,91.57,111.53,,False,0.4,95.65,113.23,,False,0.3,93.65,112.41,,False,-2.2,91.55,110.8,,False,-6.8,88.1,109.14,
2025-02-09,98.7,102.2,93.9,99.4,98.7,101.7,97.5,109.3,95.4,99.6,104.6,102.9,101.1,97.9,2025,2,6,1,Winter,False,False,95.32,110.52,,True,3.5,96.95,111.07,,False,-4.8,86.98,112.14,,False,0.7,91.38,112.45,,False,0.0,92.18,109.24,,True,3.0,98.7,113.04,,False,-1.2,94.2,109.5,,True,10.6,103.9,117.46,,False,-3.3,89.7,107.12,,False,0.9,94.8,110.82,,True,5.9,98.45,112.62,,True,4.2,96.8,111.84,,True,2.4,94.57,110.22,,False,-0.8,91.75,108.4,
2025-02-16,101.5,101.3,99.4,100.7,99.5,106.6,99.3,108.9,95.8,101.7,103.2,101.3,99.3,99.4,2025,2,7,1,Winter,False,True,98.15,109.5,,True,-0.2,99.08,110.14,,False,-2.1,92.2,110.83,,True,-0.8,95.22,111.33,,False,-2.0,95.12,108.18,,True,5.1,101.98,112.48,,False,-2.2,96.65,108.45,,True,7.4,106.42,116.59,,False,-5.7,92.98,106.01,,True,0.2,97.45,109.85,,True,1.7,100.8,111.78,,True,-0.2,99.18,110.93,,False,-2.2,97.45,109.05,,False,-2.1,94.88,107.48,
2025-02-23,103.7,104.0,101.3,101.0,99.7,107.1,100.5,111.5,96.7,104.5,103.8,105.2,101.7,101.6,2025,2,8,1,Winter,False,True,100.68,108.37,,True,0.3,101.82,108.82,,True,-2.4,95.95,108.61,,True,-2.7,98.75,109.37,,False,-4.0,97.68,106.44,,True,3.4,104.05,111.39,,True,-3.2,98.3,107.02,,True,7.8,108.98,115.39,,False,-7.0,94.98,104.22,,True,0.8,100.35,108.48,,True,0.1,102.7,110.21,,True,1.5,102.12,109.43,,True,-2.0,99.68,107.57,,True,-2.1,97.72,106.09,
2025-03-02,101.2,104.1,101.7,102.0,101.4,106.7,101.7,110.4,99.2,104.5,104.1,103.0,103.7,101.5,2025,3,9,1,Spring,False,True,101.28,106.16,,True,2.9,102.9,106.94,,True,0.5,99.08,105.44,,True,0.8,100.78,106.57,,True,0.2,99.82,104.28,,True,5.5,105.52,109.33,,True,0.5,99.75,104.73,,True,9.2,110.02,113.4,,False,-2.0,96.78,101.92,,True,3.3,102.57,106.57,,True,2.9,103.92,108.21,,True,1.8,103.1,107.27,,True,2.5,101.45,105.54,,True,0.3,100.1,103.79,
2025-03-09,102.8,104.5,99.1,100.7,100.8,105.4,102.3,108.3,100.9,104.9,106.8,104.1,101.2,101.2,2025,3,10,1,Spring,False,True,102.3,103.6,,True,1.7,103.48,104.57,,False,-3.7,100.38,100.99,,True,-2.1,101.1,102.65,,True,-2.0,100.35,101.27,,True,2.6,106.45,106.76,,True,-0.5,100.95,102.05,,True,5.5,109.78,110.86,,True,-1.9,98.15,99.15,,True,2.1,103.9,103.9,,True,4.0,104.48,105.95,,True,1.3,103.4,104.67,,True,-1.6,101.48,102.89,,True,-1.6,100.93,101.06,
2025-03-16,103.7,102.6,101.6,103.3,102.8,106.9,102.5,109.7,100.7,104.5,104.2,102.1,101.5,101.2,2025,3,11,1,Spring,False,True,102.85,100.85,,True,-1.1,103.8,101.69,,True,-2.1,100.92,96.56,,True,-0.4,101.75,98.85,,True,-0.9,101.18,98.19,,True,3.2,106.52,104.15,,True,-1.2,101.75,99.24,,True,6.0,109.98,108.17,,True,-3.0,99.38,96.09,,True,0.8,104.6,101.02,,True,0.5,104.72,103.06,,True,-1.6,103.6,101.7,,True,-2.2,102.02,99.93,,True,-2.5,101.38,97.88,
2025-03-23,105.0,102.6,100.4,101.5,102.9,107.4,103.4,109.9,98.7,102.1,104.2,105.5,103.3,102.0,2025,3,12,1,Spring,False,True,103.18,98.53,,True,-2.4,103.45,98.98,,True,-4.6,100.7,92.32,,True,-3.5,101.88,95.19,,True,-2.1,101.98,95.51,,True,2.4,106.6,101.73,,True,-1.6,102.48,96.78,,True,4.9,109.58,105.64,,False,-6.3,99.88,92.94,,True,-2.9,104.0,98.19,,True,-0.8,104.82,100.46,,True,0.5,103.68,99.04,,True,-1.7,102.42,97.32,,True,-3.0,101.48,95.05,
2025-03-30,105.0,104.2,101.1,103.8,102.4,105.0,101.8,108.5,100.8,103.4,104.9,104.7,102.5,99.4,2025,3,13,1,Spring,False,True,104.12,99.58,,True,-0.8,103.48,100.05,,True,-3.9,100.55,93.99,,True,-1.2,102.32,96.74,,True,-2.6,102.22,96.95,,True,0.0,106.18,102.82,,True,-3.2,102.5,98.02,,True,3.5,109.1,106.7,,True,-4.2,100.28,94.45,,True,-1.6,103.72,99.29,,True,-0.1,105.02,101.53,,True,-0.3,104.1,100.28,,True,-2.5,102.12,98.38,,False,-5.6,100.95,96.38,
2025-04-06,101.5,104.7,100.1,103.1,101.1,107.4,102.2,110.3,100.5,102.6,104.6,102.1,103.0,100.5,2025,4,14,2,Spring,False,True,103.8,100.48,,True,3.2,103.52,101.32,,True,-1.4,100.8,96.05,,True,1.6,102.93,98.47,,True,-0.4,102.3,98.28,,True,5.9,106.68,103.94,,True,0.7,102.48,99.21,,True,8.8,109.6,107.76,,True,-1.0,100.18,96.01,,True,1.1,103.15,100.62,,True,3.1,104.48,102.47,,True,0.6,103.6,101.27,,True,1.5,102.58,99.54,,True,-1.0,100.78,97.82,
2025-04-13,103.9,102.9,98.6,100.1,100.5,106.4,101.6,109.8,100.7,102.4,106.1,105.2,101.6,100.5,2025,4,15,2,Spring,False,True,103.85,101.62,,True,-1.0,103.6,102.16,,False,-5.3,100.05,97.72,,True,-3.8,102.12,99.7,,True,-3.4,101.72,99.34,,True,2.5,106.55,105.02,,True,-2.3,102.25,100.22,,True,5.9,109.62,108.68,,True,-3.2,100.18,97.51,,True,-1.5,102.62,101.56,,True,2.2,104.95,103.49,,True,1.3,104.38,102.38,,True,-2.3,102.6,100.69,,True,-3.4,100.6,98.95,
2025-04-20,104.5,105.9,98.7,103.8,101.1,105.1,101.9,112.0,99.1,102.4,106.6,103.1,100.4,98.6,2025,4,16,2,Spring,False,True,103.72,102.53,,True,1.4,104.43,103.23,,False,-5.8,99.62,98.76,,True,-0.7,102.7,101.11,,True,-3.4,101.28,100.31,,True,0.6,105.98,105.54,,True,-2.6,101.88,100.88,,True,7.5,110.15,109.57,,False,-5.4,100.28,98.38,,True,-2.1,102.7,102.35,,True,2.1,105.55,104.36,,True,-1.4,103.78,103.19,,True,-4.1,101.88,101.32,,False,-5.9,99.75,99.65,
2025-04-27,101.7,102.8,98.8,102.8,99.9,105.6,103.8,110.1,99.9,101.9,104.9,102.4,100.9,99.3,2025,4,17,2,Spring,False,True,102.9,102.77,,True,1.1,104.07,103.48,,False,-2.9,99.05,99.56,,True,1.1,102.45,101.85,,False,-1.8,100.65,100.9,,True,3.9,106.12,105.94,,True,2.1,102.38,101.54,,True,8.4,110.55,109.89,,False,-1.8,100.05,99.03,,True,0.2,102.32,102.88,,True,3.2,105.55,104.83,,True,0.7,103.2,103.47,,True,-0.8,101.48,101.68,,False,-2.4,99.72,100.26,
2025-05-04,102.0,102.7,99.0,102.3,100.2,105.8,102.3,111.1,97.5,104.5,106.8,102.7,103.8,102.0,2025,5,18,2,Spring,False,True,103.02,103.04,,True,0.7,103.58,103.52,,False,-3.0,98.78,99.98,,True,0.3,102.25,102.09,,True,-1.8,100.43,101.02,,True,3.8,105.72,106.28,,True,0.3,102.4,101.94,,True,9.1,110.75,110.04,,False,-4.5,99.3,99.21,,True,2.5,102.8,103.28,,True,4.8,106.1,105.02,,True,0.7,103.35,103.45,,True,1.8,101.68,101.91,,True,0.0,100.1,100.6,
2025-05-11,101.8,103.6,102.1,103.8,100.4,105.4,102.1,110.5,100.1,103.0,106.4,105.6,100.7,99.6,2025,5,19,2,Spring,False,True,102.5,103.07,,True,1.8,103.75,103.72,,True,0.3,99.65,100.21,,True,2.0,103.18,102.35,,True,-1.4,100.4,101.1,,True,3.6,105.48,106.18,,True,0.3,102.52,102.18,,True,8.7,110.92,110.18,,True,-1.7,99.15,99.57,,True,1.2,102.95,103.39,,True,4.6,106.18,105.28,,True,3.8,103.45,103.81,,True,-1.1,101.45,102.02,,False,-2.2,99.87,100.62,
2025-05-18,104.7,106.4,101.5,103.4,100.5,106.6,103.1,109.8,99.1,103.5,104.9,104.2,101.8,100.3,2025,5,20,2,Spring,False,True,102.55,103.15,,True,1.7,103.88,103.92,,True,-3.2,100.35,100.22,,True,-1.3,103.07,102.55,,True,-4.2,100.25,101.17,,True,1.9,105.85,106.14,,True,-1.6,102.82,102.39,,True,5.1,110.38,110.03,,False,-5.6,99.15,99.77,,True,-1.2,103.22,103.31,,True,0.2,105.75,105.38,,True,-0.5,103.72,103.72,,True,-2.9,101.8,102.03,,True,-4.4,100.3,100.51,
2025-05-25,102.8,106.9,102.7,104.8,103.8,107.4,101.8,111.5,101.0,105.5,107.1,104.0,102.6,101.1,2025,5,21,2,Spring,False,True,102.82,103.28,,True,4.1,104.9,104.15,,True,-0.1,101.32,100.31,,True,2.0,103.58,102.78,,True,1.0,101.22,101.37,,True,4.6,106.3,106.2,,True,-1.0,102.32,102.4,,True,8.7,110.72,110.12,,True,-1.8,99.42,99.92,,True,2.7,104.12,103.39,,True,4.3,106.3,105.62,,True,1.2,104.12,103.81,,True,-0.2,102.22,101.94,,True,-1.7,100.75,100.47,
2025-06-01,105.7,106.4,102.9,107.1,103.9,107.0,102.7,110.7,100.5,103.9,106.8,105.4,103.0,104.1,2025,6,22,2,Summer,False,True,103.75,103.52,,True,0.7,105.82,104.31,,True,-2.8,102.3,100.62,,True,1.4,104.78,103.32,,True,-1.8,102.15,101.62,,True,1.3,106.6,106.33,,True,-3.0,102.42,102.43,,True,5.0,110.62,110.32,,True,-5.2,100.18,99.88,,True,-1.8,103.98,103.31,,True,1.1,106.3,105.62,,True,-0.3,104.8,103.92,,True,-2.7,102.02,102.09,,True,-1.6,101.28,100.72,
2025-06-08,104.3,107.1,104.8,108.5,103.1,108.6,107.2,114.5,103.9,105.4,107.7,108.0,107.0,103.9,2025,6,23,2,Summer,False,True,104.38,103.58,,True,2.8,106.7,104.68,,True,0.5,102.98,100.89,,True,4.2,105.95,103.75,,True,-1.2,102.82,101.65,,True,4.3,107.4,106.47,,True,2.9,103.7,102.82,,True,10.2,111.62,110.72,,True,-0.4,101.12,100.15,,True,1.1,104.58,103.38,,True,3.4,106.62,105.92,,True,3.7,105.4,104.41,,True,2.7,103.6,102.55,,True,-0.4,102.35,100.94,
2025-06-15,107.5,107.4,108.3,107.1,105.4,110.0,106.7,113.2,102.6,108.1,109.4,109.0,105.3,105.0,2025,6,24,2,Summer,False,True,105.08,103.78,,True,-0.1,106.95,105.08,,True,0.8,104.68,101.55,,True,-0.4,106.87,104.22,,True,-2.1,104.05,101.86,,True,2.5,108.25,106.69,,True,-0.8,104.6,103.1,,True,5.7,112.48,111.0,,True,-4.9,102.0,100.48,,True,0.6,105.72,103.88,,True,1.9,107.75,106.35,,True,1.5,106.6,104.7,,True,-2.2,104.48,102.72,,True,-2.5,103.52,101.19,
2025-06-22,108.9,107.9,109.1,109.2,106.1,113.7,107.6,117.0,104.9,110.0,112.8,110.7,108.2,106.5,2025,6,25,2,Summer,False,True,106.6,104.11,,True,-1.0,107.2,105.39,,True,0.2,106.28,102.22,,True,0.3,107.98,104.67,,True,-2.8,104.62,102.17,,True,4.8,109.82,107.42,,True,-1.3,106.05,103.58,,True,8.1,113.85,111.71,,True,-4.0,102.98,100.82,,True,1.1,106.85,104.43,,True,3.9,109.18,107.01,,True,1.8,108.28,105.2,,True,-0.7,105.88,103.19,,True,-2.4,104.88,101.78,
2025-06-29,109.8,113.2,114.0,115.0,108.4,114.4,111.9,116.2,106.2,112.2,113.7,113.6,108.8,110.1,2025,6,26,2,Summer,False,True,107.62,104.8,,True,3.4,108.9,106.1,,True,4.2,109.05,103.38,,True,5.2,109.95,105.66,,True,-1.4,105.75,102.78,,True,4.6,111.68,108.0,,True,2.1,108.35,104.39,,True,6.4,115.22,112.2,,True,-3.6,104.4,101.29,,True,2.4,108.93,105.23,,True,3.9,110.9,107.77,,True,3.8,110.32,106.16,,True,-1.0,107.32,103.68,,True,0.3,106.38,102.58,
2025-07-06,111.1,111.9,114.4,117.2,112.8,115.4,111.6,120.8,109.7,114.5,115.0,113.7,112.1,110.3,2025,7,27,3,Summer,False,True,109.32,105.4,-0.7,True,0.8,110.1,106.85,-3.2,True,3.3,111.45,104.69,-2.3,True,6.1,112.12,107.08,0.9,True,1.7,108.18,103.8,2.0,True,4.3,113.38,108.75,1.5,True,0.5,109.45,105.22,1.2,True,9.7,116.8,113.12,0.1,True,-1.4,105.85,102.04,-0.8,True,3.4,111.2,106.24,0.5,True,3.9,112.72,108.51,1.6,True,2.6,111.75,106.87,-2.4,True,1.0,108.6,104.55,-1.4,True,-0.8,107.98,103.4,0.3
2025-07-13,115.1,115.1,117.8,120.3,113.9,117.3,115.8,121.6,110.8,117.0,117.6,115.6,112.8,114.5,2025,7,28,3,Summer,False,True,111.22,106.28,2.3,True,0.0,112.02,107.62,1.3,True,2.7,113.82,106.28,-0.3,True,5.2,115.43,108.46,1.5,True,-1.2,110.3,104.87,-0.2,True,2.2,115.2,109.77,1.0,True,0.7,111.72,106.38,1.1,True,6.5,118.9,113.92,1.9,True,-4.3,107.9,103.02,-0.7,True,1.9,113.43,107.46,2.3,True,2.5,114.78,109.43,0.7,True,0.5,113.4,107.91,-1.8,True,-2.3,110.48,105.58,-0.2,True,-0.6,110.35,104.72,1.1
2025-07-20,116.3,116.9,123.3,122.3,114.9,118.0,115.1,123.8,112.5,117.3,119.8,119.6,115.4,116.6,2025,7,29,3,Summer,False,True,113.08,107.5,0.2,True,0.6,114.28,108.79,1.9,True,7.0,117.38,108.32,1.1,True,6.0,118.7,110.08,2.4,True,-1.4,112.5,106.12,0.3,True,1.7,116.28,110.8,-2.6,True,-1.2,113.6,107.32,-2.8,True,7.5,120.6,115.06,-0.2,True,-3.8,109.8,104.07,-1.1,True,1.0,115.25,108.74,1.9,True,3.5,116.52,110.67,0.3,True,3.3,115.62,109.34,1.8,True,-0.9,112.28,106.79,0.9,True,0.3,112.87,106.17,1.3
2025-07-27,115.6,119.5,122.5,122.8,119.1,118.7,116.5,125.0,116.8,119.1,120.9,119.7,116.5,116.3,2025,7,30,3,Summer,False,True,114.52,108.63,0.3,True,3.9,115.85,110.19,-0.3,True,6.9,119.5,110.28,-0.5,True,7.2,120.65,111.79,-1.0,True,3.5,115.18,107.69,1.9,True,3.1,117.35,111.88,-1.5,True,0.9,114.75,108.51,-1.2,True,9.4,122.8,116.22,2.1,True,1.2,112.45,105.68,-1.0,True,3.5,116.98,109.96,-0.5,True,5.3,118.32,111.84,-1.0,True,4.1,117.15,110.76,-1.4,True,0.9,114.2,107.85,-1.4,True,0.7,114.42,107.36,-2.3
2025-08-03,116.7,120.6,125.8,124.1,118.8,122.8,117.1,125.3,117.0,119.9,119.1,122.0,120.2,118.3,2025,8,31,3,Summer,False,True,115.92,109.88,0.3,True,3.9,118.02,111.61,2.8,True,9.1,122.35,112.26,2.1,True,7.4,122.38,113.48,0.3,True,2.1,116.68,109.22,0.2,True,6.1,119.2,113.32,2.7,True,0.4,116.12,109.76,-2.7,True,8.6,123.92,117.45,0.9,True,0.3,114.28,107.08,0.9,True,3.2,118.32,111.37,0.2,True,2.4,119.35,112.9,-0.5,True,5.3,119.22,112.12,0.3,True,3.5,116.22,109.48,3.4,True,1.6,116.42,108.92,-1.6
2025-08-10,119.1,121.0,126.8,123.6,119.7,121.7,118.5,126.2,119.1,121.5,121.1,119.3,120.8,119.7,2025,8,32,3,Summer,False,True,116.92,111.08,-0.3,True,1.9,119.5,112.82,2.9,True,7.7,124.6,114.37,2.8,True,4.5,123.2,115.17,-2.6,True,0.6,118.12,110.82,-0.5,True,2.6,120.3,114.58,-0.5,True,-0.6,116.8,111.04,-1.4,True,7.1,125.08,118.82,2.6,True,0.0,116.35,108.75,2.3,True,2.4,119.45,112.87,3.2,True,2.0,120.22,114.25,-1.7,True,0.2,120.15,113.38,-2.0,True,1.7,118.22,111.06,2.6,True,0.6,117.72,110.53,3.1
2025-08-17,116.5,120.7,127.0,124.6,119.4,120.6,116.7,124.3,118.2,117.5,120.3,120.1,118.6,119.7,2025,8,33,3,Summer,False,True,116.98,112.22,-0.7,True,4.2,120.45,113.98,2.4,True,10.5,125.52,116.39,0.6,True,8.1,123.78,116.82,-0.4,True,2.9,119.25,112.12,-1.1,True,4.1,120.95,115.68,-0.3,True,0.2,117.2,112.28,-0.3,True,7.8,125.2,119.88,-1.6,True,1.7,117.78,110.18,0.2,True,1.0,119.5,113.87,-2.2,True,3.8,120.35,115.35,-1.8,True,3.6,120.28,114.72,-0.4,True,2.1,119.02,112.39,0.0,True,3.2,118.5,112.08,2.0
2025-08-24,116.5,117.5,125.0,123.0,116.8,119.9,116.1,122.8,115.9,118.2,121.8,119.0,117.9,117.5,2025,8,34,3,Summer,False,True,117.2,113.12,1.3,True,1.0,119.95,114.9,0.9,True,8.5,126.15,118.23,2.9,True,6.5,123.82,118.14,-0.7,True,0.3,118.68,113.2,-0.4,True,3.4,121.25,116.76,-0.3,True,-0.4,117.1,113.4,-3.1,True,6.3,124.65,120.89,-0.3,True,-0.6,117.55,111.47,0.3,True,1.7,119.28,115.06,-1.4,True,5.3,120.58,116.6,2.8,True,2.5,120.1,115.86,1.2,True,1.4,119.38,113.63,1.2,True,1.0,118.8,113.2,1.9
2025-08-31,113.8,117.4,120.4,123.0,114.9,118.4,114.4,124.8,114.3,117.4,117.0,119.1,114.9,116.9,2025,8,35,3,Summer,False,True,116.48,113.91,-3.7,True,3.6,119.15,115.76,-0.6,True,6.6,124.8,119.53,-1.9,True,9.2,123.55,119.35,0.3,True,1.1,117.7,114.18,-2.7,True,4.6,120.15,117.58,0.9,True,0.6,116.42,114.0,-3.2,True,11.0,124.52,121.75,1.9,True,0.5,116.88,112.33,-1.3,True,3.6,118.65,116.06,-1.2,True,3.2,120.05,117.38,-1.1,True,5.3,119.38,116.78,2.6,True,1.1,118.05,114.29,-0.1,True,3.1,118.45,114.28,1.9
2025-09-07,112.9,113.9,117.0,118.6,114.6,115.4,115.3,120.9,112.4,115.0,116.7,116.5,112.8,112.1,2025,9,36,3,Autumn,False,True,114.93,114.36,-2.5,True,1.0,117.38,116.3,-2.7,True,4.1,122.35,120.26,0.1,True,5.7,122.3,120.31,-0.1,True,1.7,116.43,114.95,0.6,True,2.5,118.57,118.03,-0.6,True,2.4,115.62,114.72,2.6,True,8.0,123.2,122.39,0.4,True,-0.5,115.2,113.15,-1.7,True,2.1,117.02,116.63,0.5,True,3.8,118.95,117.98,-0.5,True,3.6,118.68,117.41,-0.5,True,-0.1,116.05,114.92,-0.9,True,-0.8,116.55,114.88,-3.1
2025-09-14,113.7,115.1,115.3,115.0,112.7,114.9,110.3,117.9,111.0,113.8,113.4,113.1,111.1,111.8,2025,9,37,3,Autumn,False,True,114.22,114.76,-0.4,True,1.4,115.98,116.9,2.8,True,1.6,119.42,120.78,-0.5,True,1.3,119.9,120.79,-0.1,True,-1.0,114.75,115.5,1.4,True,1.2,117.15,118.12,1.5,True,-3.4,114.02,114.94,-2.3,True,4.2,121.6,122.47,-1.4,True,-2.7,113.4,113.66,2.7,True,0.1,116.1,116.95,1.5,True,-0.3,117.22,118.03,-3.5,True,-0.6,116.92,117.61,-0.1,True,-2.6,114.18,115.16,0.3,True,-1.9,114.58,115.32,0.7
2025-09-21,108.5,109.9,113.9,111.9,110.5,112.4,108.6,116.4,108.8,112.6,114.8,111.8,110.9,107.8,2025,9,38,3,Autumn,False,True,112.22,114.65,-3.9,True,1.4,114.08,116.62,-0.5,True,5.4,116.65,120.77,0.6,True,3.4,117.12,120.53,-2.3,True,2.0,113.18,115.68,1.6,True,3.9,115.28,117.96,-2.0,True,0.1,112.15,114.67,-1.1,True,7.9,120.0,122.48,-1.6,True,0.3,111.62,113.88,0.3,True,4.1,114.7,116.98,1.3,True,6.3,115.48,118.12,3.0,True,3.3,115.12,117.46,-1.7,True,2.4,112.42,115.33,1.4,True,-0.7,112.15,115.12,0.1
2025-09-28,107.9,111.3,107.8,109.0,106.7,109.8,107.0,116.1,105.6,110.9,113.0,109.7,107.4,106.4,2025,9,39,3,Autumn,False,True,110.75,114.38,1.0,True,3.4,112.55,116.57,1.2,True,-0.1,113.5,120.22,-2.7,True,1.1,113.62,119.85,0.3,True,-1.2,111.12,115.17,-1.2,True,1.9,113.12,117.49,-0.8,True,-0.9,110.3,114.28,-1.9,True,8.2,117.83,122.09,1.7,True,-2.3,109.45,113.53,-1.1,True,3.0,113.08,116.68,2.0,True,5.1,114.48,117.96,-0.5,True,1.8,112.78,117.12,0.8,True,-0.5,110.55,114.94,-0.3,True,-1.5,109.52,114.8,1.1
2025-10-05,107.6,107.3,107.7,108.0,106.3,110.0,105.9,116.0,105.2,106.2,111.7,108.6,108.3,106.3,2025,10,40,4,Autumn,False,True,109.43,113.76,-1.4,True,-0.3,110.9,115.93,-2.5,True,0.1,111.18,119.38,1.4,True,0.4,110.98,118.82,-1.0,True,-1.3,109.05,114.53,-1.1,True,2.4,111.78,116.88,-0.5,True,-1.7,107.95,113.46,-0.9,True,8.4,116.6,121.62,2.8,True,-2.4,107.65,113.07,2.7,True,-1.4,110.88,115.78,-3.1,True,4.1,113.22,117.47,-0.2,True,1.0,110.8,116.54,-0.6,True,0.7,109.43,114.57,2.3,True,-1.3,108.08,114.12,1.8
2025-10-12,105.7,105.1,104.2,106.7,105.2,108.1,103.9,114.4,104.6,106.4,107.7,106.4,103.4,105.3,2025,10,41,4,Autumn,False,True,107.42,112.88,-1.2,True,-0.6,108.4,114.94,-3.5,True,-1.5,108.4,117.78,-2.5,True,1.0,108.9,117.52,-1.0,True,-0.5,107.18,113.72,0.0,True,2.4,110.08,116.06,0.7,True,-1.8,106.35,112.53,-0.1,True,8.7,115.72,120.84,-0.2,True,-1.1,106.05,112.41,1.5,True,0.7,109.02,114.88,2.0,True,2.0,111.8,116.46,0.3,True,0.7,109.12,115.44,-1.6,True,-2.3,107.5,113.57,0.0,True,-0.4,106.45,113.18,3.0
2025-10-19,103.6,106.4,102.7,105.4,104.1,109.4,103.2,110.2,100.1,106.9,109.6,106.7,104.7,103.2,2025,10,42,4,Autumn,False,True,106.2,111.88,-1.7,True,2.8,107.52,113.85,-0.5,True,-0.9,105.6,116.13,-1.5,True,1.8,107.28,116.08,1.3,True,0.5,105.58,112.48,-0.3,True,5.8,109.32,115.28,2.3,True,-0.4,105.0,111.42,-0.4,True,6.6,114.18,119.61,-2.9,True,-3.5,103.88,111.02,-2.0,True,3.3,107.6,113.86,0.2,True,6.0,110.5,115.52,0.8,True,3.1,107.85,114.36,0.1,True,1.1,105.95,112.58,2.0,True,-0.4,105.3,112.08,1.2
2025-10-26,103.3,107.2,102.3,103.9,102.9,105.7,102.4,112.5,99.2,105.1,106.5,105.3,102.9,101.3,2025,10,43,4,Autumn,False,True,105.05,110.76,-0.3,True,3.9,106.5,112.73,2.7,True,-1.0,104.22,114.18,-2.2,True,0.6,106.0,114.39,0.0,True,-0.4,104.62,111.15,-1.5,True,2.4,108.3,113.86,-2.4,True,-0.9,103.85,110.19,-2.5,True,9.2,113.28,118.54,0.9,False,-4.1,102.28,109.53,-2.0,True,1.8,106.15,112.62,0.4,True,3.2,108.88,114.47,0.2,True,2.0,106.75,112.97,-1.3,True,-0.4,104.82,111.14,0.1,True,-2.0,104.02,110.67,1.3
2025-11-02,105.4,104.7,102.8,104.2,103.5,109.2,104.6,110.4,98.9,103.7,107.9,103.9,103.6,102.2,2025,11,44,4,Autumn,False,True,104.5,109.62,0.3,True,-0.7,105.85,111.38,0.5,True,-2.6,103.0,112.18,-1.5,True,-1.2,105.05,112.78,-1.9,True,-1.9,103.92,109.8,-1.0,True,3.8,108.1,112.82,2.2,True,-0.8,103.52,109.03,2.9,True,5.0,111.88,117.22,-2.8,False,-6.5,100.7,107.85,-1.6,True,-1.7,105.52,111.14,-2.8,True,2.5,107.92,113.37,-1.5,True,-1.5,105.58,111.68,-3.2,True,-1.8,103.65,109.71,0.8,True,-3.2,103.0,109.21,0.9
2025-11-09,104.7,107.4,102.4,103.8,104.7,108.3,105.3,112.1,100.8,106.8,109.5,107.3,103.7,103.2,2025,11,45,4,Autumn,False,True,104.25,108.63,-2.0,True,2.7,106.42,110.27,1.8,True,-2.3,102.55,110.12,-0.2,True,-0.9,104.32,111.04,-1.9,True,0.0,103.8,108.58,-0.8,True,3.6,108.15,111.79,-0.8,True,0.6,103.88,108.08,0.5,True,7.4,111.3,116.21,1.4,True,-3.9,99.75,106.4,-1.5,True,2.1,105.62,110.25,-0.7,True,4.8,108.38,112.47,2.6,True,2.6,105.8,110.62,0.7,True,-1.0,103.72,108.47,-2.4,True,-1.5,102.48,107.83,-0.6
2025-11-16,107.1,107.0,109.6,107.6,108.4,110.5,105.9,114.8,106.1,109.1,111.9,109.8,107.9,107.0,2025,11,46,4,Autumn,False,True,105.12,107.85,-1.4,True,-0.1,106.58,109.39,-2.5,True,2.5,104.28,108.84,2.2,True,0.5,104.88,109.76,-0.6,True,1.3,104.88,107.88,0.6,True,3.4,108.43,111.01,-1.4,True,-1.2,104.55,107.23,-2.7,True,7.7,112.45,115.54,-1.5,True,-1.0,101.25,105.58,1.4,True,2.0,106.18,109.49,1.0,True,4.8,108.95,111.64,0.0,True,2.7,106.57,109.85,0.1,True,0.8,104.52,107.63,-0.1,True,-0.1,103.42,106.96,0.2
2025-11-23,111.1,113.1,114.4,117.7,113.8,113.3,112.9,120.9,108.7,113.3,116.8,112.2,112.9,110.2,2025,11,47,4,Autumn,False,True,107.08,107.62,-2.6,True,2.0,108.05,109.03,0.6,True,3.3,107.3,108.34,-0.7,True,6.6,108.32,109.32,3.6,True,2.7,107.6,107.78,1.5,True,2.2,110.32,110.58,0.0,True,1.8,107.18,107.11,1.0,True,9.8,114.55,115.22,1.6,True,-2.4,103.62,105.12,-0.4,True,2.2,108.22,109.15,-0.1,True,5.7,111.52,111.62,3.5,True,1.1,108.3,109.28,0.0,True,1.8,107.02,107.47,-0.5,True,-0.9,105.65,106.4,-0.2
2025-11-30,120.5,121.7,128.7,125.6,121.4,123.2,118.7,127.1,116.1,120.8,120.7,119.9,117.7,119.8,2025,11,48,4,Autumn,False,True,110.85,108.26,3.2,True,1.2,112.3,109.68,1.8,True,8.2,113.78,109.32,0.7,True,5.1,113.68,109.9,1.0,True,0.9,112.08,108.35,0.9,True,2.7,113.82,111.23,3.0,True,-1.8,110.7,107.39,1.1,True,6.6,118.72,115.73,1.2,True,-4.4,107.93,105.43,-2.0,True,0.3,112.5,109.63,-0.1,True,0.2,114.72,111.96,-2.0,True,-0.6,112.3,109.56,-3.4,True,-2.8,110.55,107.88,-1.8,True,-0.7,110.05,107.04,1.5
2025-12-07,125.9,128.4,138.2,136.5,129.4,130.7,127.1,134.0,128.7,129.3,128.4,127.9,129.3,126.3,2025,12,49,4,Winter,True,True,116.15,109.28,-1.8,True,2.5,117.55,110.79,1.8,True,12.3,122.72,111.22,-1.5,True,10.6,121.85,111.69,0.9,True,3.5,118.25,109.74,2.1,True,4.8,119.43,112.55,-0.7,True,1.2,116.15,108.79,-2.1,True,8.1,124.2,117.07,-0.3,True,2.8,114.9,106.9,1.9,True,3.4,118.12,110.92,1.8,True,2.5,119.45,113.21,0.3,True,2.0,117.45,110.79,-1.0,True,3.4,116.95,109.39,1.3,True,0.4,115.82,108.25,-2.8
2025-12-14,134.3,134.0,152.5,148.0,138.8,135.2,135.9,139.4,134.7,136.3,137.3,138.8,135.9,135.5,2025,12,50,4,Winter,True,True,122.95,111.43,0.8,True,-0.3,124.3,112.8,1.0,True,18.2,133.45,114.44,0.0,True,13.7,131.95,114.7,0.3,True,4.5,125.85,112.1,1.8,True,0.9,125.6,114.45,-1.1,True,1.6,123.65,111.07,1.4,True,5.1,130.35,118.99,0.6,True,0.4,122.05,109.06,0.5,True,2.0,124.93,112.9,-0.6,True,3.0,125.8,115.08,3.4,True,4.5,124.7,113.04,3.5,True,1.6,123.95,111.48,2.9,True,1.2,122.95,110.56,1.5
2025-12-21,135.0,137.3,153.9,148.9,139.2,137.5,136.7,141.2,135.9,136.6,140.3,139.3,137.1,139.5,2025,12,51,4,Winter,True,True,128.93,113.68,-1.7,True,2.3,130.35,114.97,0.2,True,18.9,143.32,118.28,-0.9,True,13.9,139.75,118.03,0.0,True,4.2,132.2,114.81,-0.5,True,2.5,131.65,116.76,-0.7,True,1.7,129.6,113.54,0.5,True,6.2,135.43,121.08,-0.8,True,0.9,128.85,111.58,-1.5,True,1.6,130.75,115.04,-2.4,True,5.3,131.68,117.36,1.4,True,4.3,131.48,115.51,1.6,True,2.1,130.0,113.95,0.1,True,4.5,130.28,113.32,0.2
2025-12-28,131.7,135.6,151.8,145.1,136.5,137.3,136.6,139.7,135.2,134.5,137.8,135.7,136.6,136.4,2025,12,52,4,Winter,True,True,131.72,115.69,-1.1,True,3.9,133.82,117.32,0.4,True,20.1,149.1,121.96,0.5,True,13.4,144.62,121.12,-0.3,True,4.8,135.98,117.32,1.4,True,5.6,135.17,119.03,0.9,True,4.9,134.07,116.1,3.7,True,8.0,138.57,123.06,-0.5,True,3.5,133.62,114.08,-1.3,True,2.8,134.18,117.4,-1.6,True,6.1,135.95,119.53,2.4,True,4.0,135.43,117.77,-1.7,True,4.9,134.72,116.31,2.0,True,4.7,134.43,115.82,0.4
2026-01-04,91.2,91.8,78.1,82.3,85.2,92.5,89.6,97.1,82.5,91.4,95.3,92.2,90.5,84.0,2026,1,1,1,Winter,True,False,123.05,114.48,-1.3,False,0.6,124.68,116.22,0.5,False,-13.1,134.07,119.78,-2.9,False,-8.9,131.07,119.08,-2.9,False,-6.0,124.92,115.66,0.1,False,1.3,125.62,117.73,0.5,False,-1.6,124.7,114.91,2.7,False,5.9,129.35,121.62,1.3,False,-8.7,122.08,112.24,-0.2,False,0.2,124.7,116.15,1.2,False,4.1,127.68,118.5,3.3,False,1.0,126.5,116.58,2.4,False,-0.7,125.02,115.23,0.6,False,-7.2,123.85,114.05,0.6
2026-01-11,89.0,91.4,77.7,80.2,85.9,91.3,85.9,96.5,83.1,88.4,90.8,90.5,86.1,82.2,2026,1,2,1,Winter,False,False,111.72,113.27,-1.7,False,2.4,114.02,114.97,1.9,False,-11.3,115.38,117.7,2.3,False,-8.8,114.12,116.98,-2.2,False,-3.1,111.7,114.14,0.7,False,2.3,114.65,116.22,-2.6,False,-3.1,112.2,113.47,-2.1,False,7.5,118.62,120.48,-1.1,False,-5.9,109.18,110.82,1.3,False,-0.6,112.72,114.61,1.7,False,1.8,116.05,116.93,-2.6,False,1.5,114.43,115.23,0.2,False,-2.9,112.58,113.68,-2.9,False,-6.8,110.52,112.3,-1.1
2026-01-18,92.3,93.6,80.6,84.8,86.9,93.9,86.9,97.4,83.8,88.5,94.6,90.5,86.8,84.2,2026,1,3,1,Winter,False,False,101.05,112.35,2.1,False,1.3,103.1,113.83,0.8,False,-11.7,97.05,115.89,2.1,False,-7.5,98.1,115.39,-0.5,False,-5.4,98.62,112.81,-0.8,False,1.6,103.75,115.24,0.4,False,-5.4,99.75,112.18,-2.6,False,5.1,107.67,119.22,-1.4,False,-8.5,96.15,109.54,1.1,False,-3.8,100.7,113.22,-2.6,False,2.3,104.62,115.94,0.8,False,-1.8,102.22,114.0,-1.3,False,-5.5,100.0,112.34,-1.0,False,-8.1,96.7,110.88,-2.7
2026-01-25,94.7,93.3,86.1,88.5,90.1,97.4,93.4,100.4,88.9,93.4,96.1,95.6,93.3,89.8,2026,1,4,1,Winter,False,False,91.8,111.46,1.1,False,-1.4,92.52,112.88,0.3,False,-8.6,80.62,114.5,-0.2,False,-6.2,83.95,114.08,1.6,False,-4.6,87.02,111.69,0.6,False,2.7,93.78,114.26,-1.4,False,-1.3,88.95,111.24,-0.5,True,5.7,97.85,118.38,-0.9,False,-5.8,84.58,108.71,0.2,False,-1.3,90.43,112.37,0.5,False,1.4,94.2,114.96,-0.1,False,0.9,92.2,113.31,2.2,False,-1.4,89.17,111.48,0.5,False,-4.9,85.05,109.84,-0.4
2026-02-01,99.0,100.1,91.7,95.3,95.3,101.4,96.6,105.6,91.2,98.6,102.1,96.2,97.4,92.1,2026,2,5,1,Winter,False,False,93.75,110.98,0.2,True,1.1,94.6,112.28,0.3,False,-7.3,84.02,113.61,2.5,False,-3.7,87.2,113.38,1.4,False,-3.7,89.55,110.91,2.5,True,2.4,96.0,113.68,0.6,False,-2.4,90.7,110.52,0.7,True,6.6,99.98,117.84,-0.6,False,-7.8,86.75,107.91,-0.8,False,-0.4,92.22,111.68,3.0,True,3.1,95.9,114.34,2.9,False,-2.8,93.2,112.38,-2.9,False,-1.6,90.9,110.96,0.8,False,-6.9,87.08,108.92,0.1
2026-02-08,99.7,102.4,94.2,99.4,99.2,103.4,97.2,106.5,96.3,102.1,103.9,100.2,99.7,97.0,2026,2,6,1,Winter,False,False,96.42,110.37,1.0,True,2.7,97.35,111.89,0.2,False,-5.5,88.15,112.32,0.3,False,-0.3,92.0,112.69,0.0,False,-0.5,92.88,110.14,0.5,True,3.7,99.02,113.09,1.7,False,-2.5,93.52,109.79,-0.3,True,6.8,102.48,117.15,-2.8,False,-3.4,90.05,107.09,0.9,True,2.4,95.65,111.1,2.5,True,4.2,99.17,113.68,-0.7,True,0.5,95.62,111.58,-2.7,False,0.0,94.3,110.28,-1.4,False,-2.7,90.78,108.08,-0.9
2026-02-15,103.1,101.4,99.3,100.6,101.6,104.3,101.4,110.7,96.2,103.6,105.7,101.1,100.1,99.6,2026,2,7,1,Winter,False,True,99.12,109.7,1.6,True,-1.7,99.3,110.92,0.1,False,-3.8,92.82,111.07,-0.1,True,-2.5,95.95,111.27,-0.1,True,-1.5,96.55,109.13,2.1,True,1.2,101.62,112.34,-2.3,True,-1.7,97.15,108.83,2.1,True,7.6,105.8,116.3,1.8,False,-6.9,93.15,106.05,0.4,True,0.5,99.42,110.29,1.9,True,2.6,101.95,112.75,2.5,True,-2.0,98.28,110.66,-0.2,True,-3.0,97.62,109.21,0.8,False,-3.5,94.62,107.2,0.2
2026-02-22,100.9,104.0,98.8,102.0,98.8,107.2,103.5,111.5,99.6,101.2,106.7,101.7,99.7,98.9,2026,2,8,1,Winter,False,True,100.68,108.07,-2.8,True,3.1,101.98,109.44,0.0,False,-2.1,96.0,108.58,-2.5,True,1.1,99.32,109.3,1.0,False,-2.1,98.72,107.24,-0.9,True,6.3,104.08,111.01,0.1,True,2.6,99.68,107.57,3.0,True,10.6,108.58,115.0,0.0,False,-1.3,95.82,104.68,2.9,True,0.3,101.37,108.66,-3.3,True,5.8,104.6,111.58,2.9,True,0.8,99.8,109.14,-3.5,False,-1.2,99.22,107.71,-2.0,False,-2.0,96.9,105.46,-2.7
2026-03-01,102.9,105.0,100.6,101.7,100.0,107.9,101.6,109.7,97.6,104.1,106.7,102.8,100.2,100.6,2026,3,9,1,Spring,False,True,101.65,106.15,1.7,True,2.1,103.2,107.49,0.9,True,-2.3,98.22,105.44,-1.1,True,-1.2,100.93,106.4,-0.3,False,-2.9,99.9,104.79,-1.4,True,5.0,105.7,109.11,1.2,True,-1.3,100.92,105.44,-0.1,True,6.8,109.6,112.98,-0.7,False,-5.3,97.42,102.08,-1.6,True,1.2,102.75,106.56,-0.4,True,3.8,105.75,109.78,2.6,True,-0.1,101.45,107.05,-0.2,True,-2.7,99.92,105.28,-3.5,True,-2.3,99.02,103.32,-0.9
2026-03-08,103.6,103.1,101.8,100.6,100.7,107.8,101.7,110.5,98.6,102.1,107.9,103.6,103.6,98.9,2026,3,10,1,Spring,False,True,102.62,103.59,0.8,True,-0.5,103.38,104.92,-1.4,True,-1.8,100.12,101.22,2.7,True,-3.0,101.22,102.45,-0.1,True,-2.9,100.28,101.62,-0.1,True,4.2,106.8,106.82,2.4,True,-1.9,102.05,102.59,-0.6,True,6.9,110.6,110.57,2.2,False,-5.0,98.0,99.08,-2.3,True,-1.5,102.75,103.71,-2.8,True,4.3,106.75,107.32,1.1,True,0.0,102.3,104.12,-0.5,True,0.0,100.9,102.59,2.4,False,-4.7,99.5,100.27,-2.3
2026-03-15,101.9,102.1,100.6,101.5,102.5,105.9,103.9,108.7,100.5,104.1,107.1,105.4,103.0,100.5,2026,3,11,1,Spring,False,True,102.32,100.83,-1.8,True,0.2,103.55,101.98,-0.5,True,-1.3,100.45,96.78,-1.0,True,-0.4,101.45,98.5,-1.8,True,0.6,100.5,98.56,-0.3,True,4.0,107.2,104.19,-1.0,True,2.0,102.68,99.86,1.4,True,6.8,110.1,107.86,-1.0,True,-1.4,99.07,96.12,-0.2,True,2.2,102.88,101.0,-0.4,True,5.2,107.1,104.56,2.9,True,3.5,103.38,101.29,3.3,True,1.1,101.62,99.75,1.5,True,-1.4,99.72,97.02,-0.7
2026-03-22,101.5,102.1,101.7,102.5,102.2,105.9,100.5,108.5,99.7,102.7,104.8,104.0,100.3,100.3,2026,3,12,1,Spring,False,True,102.48,98.32,-3.5,True,0.6,103.07,99.19,-0.5,True,0.2,101.18,92.6,1.3,True,1.0,101.57,94.95,1.0,True,0.7,101.35,95.7,-0.7,True,4.4,106.88,101.57,-1.5,True,-1.0,101.92,96.85,-2.9,True,7.0,109.35,105.26,-1.4,False,-1.8,99.1,93.17,1.0,True,1.2,103.25,98.35,0.6,True,3.3,106.62,101.81,0.6,True,2.5,103.95,98.65,-1.5,True,-1.2,101.78,96.72,-3.0,True,-1.2,100.07,94.01,-1.7
